sample_name,POLR3GL,KLHL5,BLNK,SOX4,UBE2S,HSPA2,S100P,DEFB132,MICB,GNS,BIRC5,PREX1,FBXL16,CFB,TRIM45,GPAM,MTHFD1,CEBPA,CEBPD,STAT5A,PRLR,S100B,DENND1B
GSM1045191,8.934395,6.072575,5.236619,6.020647,4.445544,6.811801,5.073908,8.357489,5.413113,8.152319,5.020987,6.427861,4.139581,5.875372,4.930487,11.131842,9.063218,9.30175,8.235638,7.981321,4.169347,5.882043,4.535944
GSM1045192,7.695524,4.181562,5.595045,6.048561,4.422642,3.751913,4.521399,3.296474,6.659727,7.004034,5.306103,5.820572,4.614759,5.743448,4.745991,5.648319,6.632947,7.390315,6.229825,7.601242,3.922638,3.890485,4.496711
GSM1045193,7.523264,5.337126,8.674915,4.799969,4.878597,4.414112,4.638771,2.95357,6.921534,4.267152,5.840283,5.631678,4.833464,5.258735,5.288228,4.731407,5.941661,5.967707,4.134739,7.501134,3.890817,3.04282,4.766417
GSM1045194,6.98107,4.675391,4.519967,7.113616,4.498002,6.88595,5.977879,3.292748,5.217874,5.92238,4.655123,6.952114,4.935647,5.351327,5.912944,5.06737,6.383969,6.003971,7.220704,7.285756,4.683971,3.582345,3.885857
GSM1045195,8.82134,6.000885,4.955369,5.754098,4.847608,5.802109,4.839788,6.843711,5.132874,7.981259,4.10409,6.107303,3.937953,5.574557,4.677008,11.344489,9.651571,10.317095,7.528966,8.35087,3.516181,5.930763,4.249614
GSM1045196,9.232751,6.554038,5.683644,6.019058,4.726844,5.772102,4.438028,10.636102,5.384813,8.434404,4.134788,6.504816,4.190244,5.189387,4.775144,11.693156,9.868648,10.338755,7.701516,8.611313,3.207099,6.368343,4.308657
GSM1045197,9.013068,6.348729,4.979182,5.652827,4.968787,6.603562,4.995743,9.680347,4.450304,8.306924,4.489904,5.553425,4.410108,5.390989,4.990738,11.698576,9.024782,10.189545,7.837671,8.335562,3.627959,6.150749,3.933819
GSM1045198,9.166914,6.637379,6.205642,5.610573,4.345507,5.275108,4.440789,8.599132,6.076575,8.325801,4.500409,6.208832,4.01487,5.521602,4.897106,11.914548,9.10886,10.273627,7.413278,8.377161,3.821674,5.98559,4.327128
GSM1045199,9.420544,6.223672,3.710107,5.490359,4.639634,6.846684,5.883866,9.248019,4.013934,8.029193,4.236709,5.311664,4.264956,5.221681,5.189488,11.766507,9.845471,10.12673,8.125068,8.994576,3.844436,6.49177,4.079789
GSM1045200,7.74227,5.119552,5.382973,6.433505,4.753376,6.66906,5.255396,4.886615,4.759594,7.350668,6.573549,6.134681,4.460389,5.243406,5.307428,10.522993,8.620644,10.199072,6.853102,7.836777,4.295223,5.593907,3.912672
GSM1045201,8.10245,5.909432,4.488787,7.05394,4.58704,6.965292,5.115524,8.139516,4.811635,7.495421,4.765005,6.019384,4.857624,5.414037,5.12577,10.189492,7.895788,8.473193,7.580558,7.348605,4.24195,5.127478,4.122216
GSM1045202,9.508566,6.155161,5.803047,5.73288,4.421743,6.457898,4.983999,7.184795,5.913827,8.123126,4.306136,6.020317,4.084668,5.768828,5.100482,12.045554,9.58627,10.124255,7.723148,8.833637,3.741697,6.170406,4.327045
GSM1045203,8.576563,5.848246,4.436918,6.027179,4.152848,4.843237,5.166646,9.136095,4.977032,7.850044,4.234419,5.876509,4.278129,5.115313,5.079592,11.519898,9.2124,10.187332,7.198332,8.627604,3.716811,5.876718,4.013028
GSM1045204,9.284329,6.693076,5.763941,5.639786,4.524201,6.586589,4.582364,8.691464,5.520869,8.937423,4.009125,5.648086,4.329261,5.696742,4.567741,12.374214,9.755322,10.023976,7.173524,8.234569,3.252153,5.641392,4.633476
GSM1045205,9.49203,6.848438,4.29244,5.63275,4.294886,6.239432,3.921604,9.202135,4.83899,8.655503,4.131703,5.846679,4.200388,5.380733,4.914592,12.078898,9.806658,10.116314,8.847754,8.403348,3.350922,5.626305,4.586614
GSM1045206,8.504393,5.907902,4.162459,5.891916,4.687231,6.315849,4.720396,7.01979,4.663038,8.006324,4.974435,6.533388,4.48676,5.199421,5.147618,11.859558,9.017912,9.97443,8.404178,8.027853,3.720682,6.227444,4.129553
GSM1045207,8.906327,6.324167,5.064764,5.395321,4.629802,6.124964,4.839378,9.683195,4.9847,8.357014,4.048076,5.952282,4.411007,5.257963,4.876394,11.923836,9.573478,10.593448,8.073642,8.451852,3.549353,6.466556,4.19115
GSM1045208,7.009545,4.727495,8.036585,7.735311,4.844556,8.801399,10.187309,3.001555,5.753997,6.423502,5.19555,7.073281,5.220802,7.205254,6.428617,5.87763,7.813484,6.304646,5.476177,7.169852,5.40996,2.80216,5.150305
GSM1045209,6.696948,4.202276,6.248417,7.967062,6.627002,5.951025,6.67715,3.119509,5.143781,6.511267,6.238223,9.047317,5.92974,7.136334,6.394637,5.925626,7.254114,7.265529,6.687999,6.309295,5.118496,3.144127,5.222316
GSM1045210,6.311942,4.771116,7.606303,8.076291,4.907463,8.515325,10.623973,2.98296,6.212378,6.234312,5.261777,6.82969,5.401792,7.301934,6.074443,5.49357,7.482227,6.570841,6.107935,6.531898,5.396281,2.819787,4.926403
GSM1045211,6.221754,3.711394,5.238047,7.511513,5.01226,7.10715,11.189967,2.820621,6.985434,6.074219,6.726608,7.002943,5.254027,5.207979,5.916733,4.570552,6.905146,6.126487,5.820589,6.22728,4.227421,3.107371,4.022105
GSM1045212,7.567759,4.633546,6.438748,7.601258,7.380517,6.878727,10.322314,2.85126,8.19968,6.802662,7.265202,6.628687,4.99965,6.896423,6.681431,4.482931,8.217102,6.761938,6.264166,7.649678,4.102159,3.240011,4.499718
GSM1045213,6.860743,4.369779,6.537369,7.811726,5.265401,6.256336,9.484861,3.033343,5.452105,6.460926,5.909888,6.877881,5.065798,6.025503,5.647433,5.697466,6.766092,6.516229,6.964821,7.270909,4.281331,3.371681,3.993233
GSM1045214,8.210429,6.102989,9.050235,6.501548,5.549357,4.873344,4.791252,2.587294,8.212244,6.094496,5.716947,7.50178,4.748456,5.175949,4.805745,5.40811,7.314421,7.896196,5.590686,7.642955,3.511487,3.51276,5.200935
GSM1045215,8.147358,4.823172,6.555594,7.782109,5.474986,6.928961,5.571045,2.422874,7.759927,7.149034,5.532469,8.131923,5.608142,6.033022,5.61836,5.491931,7.642593,7.45956,6.256435,7.055205,4.811935,3.439521,5.230707
GSM1045216,7.691463,4.606623,7.343584,7.57479,6.929259,6.192336,9.180516,2.525177,8.353364,6.67203,6.581558,7.108069,4.666522,7.116593,5.264284,5.45983,7.999546,6.963975,6.876367,8.086341,4.350864,3.749137,5.049959
GSM1045217,5.386695,4.25558,6.085631,7.784311,4.137672,4.226026,9.932843,3.151242,5.743928,5.083371,5.205955,6.397824,5.22841,8.173651,6.618827,4.882863,6.719114,5.75359,6.315768,6.356862,4.294178,3.228634,5.046449
GSM1045218,6.00138,4.57556,4.392896,7.748511,7.839389,4.035941,4.872666,2.76166,4.124889,6.81857,6.81478,5.698257,5.213531,5.213109,5.39689,5.255392,7.865686,6.405467,7.007693,6.8304,4.96269,5.947251,4.989673
GSM1045219,6.675577,4.832041,5.91571,7.333269,6.841914,4.845467,6.738822,2.767838,5.520009,6.556758,6.132735,5.859761,4.9416,5.903255,5.387354,5.379353,7.62115,6.08982,6.53224,6.676801,4.9817,5.505257,5.314968
GSM1045220,7.343047,4.619448,7.695791,7.642628,5.206797,8.24446,6.16608,2.593064,5.845148,6.408096,5.621873,6.194132,4.784101,6.66728,6.458931,7.230888,7.694882,7.158208,6.018984,6.61465,5.325867,3.095161,5.19217
GSM1045221,5.267043,3.961301,4.575222,8.120276,4.882627,4.769614,11.567765,3.076448,4.62357,5.64683,6.062898,5.19828,5.807438,6.171376,5.590106,4.521147,6.757453,5.808208,6.348085,5.984803,3.990121,3.294368,4.812314
GSM1045222,6.908558,4.507969,7.611844,7.888933,5.125323,7.354633,6.439156,2.767319,5.846872,6.414997,5.854623,5.796985,4.706511,6.223037,6.319177,6.371843,7.060485,6.369969,5.67431,6.56347,4.717609,3.521487,5.382124
GSM1045223,8.243478,5.06384,7.066452,7.781569,5.144537,7.362358,8.250278,6.818445,5.502564,7.625849,4.749218,8.556145,4.869627,6.305831,6.028849,10.784381,8.221426,8.92168,7.552236,7.698854,5.682448,4.725413,5.604907
GSM1045224,6.440522,4.204314,6.804629,8.054634,8.017545,5.391835,7.149343,2.52356,8.507519,6.649729,7.013839,8.769559,5.255776,6.8683,5.360677,4.670824,7.044486,8.097547,6.246571,7.951911,4.716089,3.477345,4.941053
GSM1045225,6.725941,4.445765,4.202514,7.990784,5.975219,6.488776,9.738071,2.688825,5.35625,5.447405,5.833523,6.016249,4.377369,6.216535,7.140566,5.849486,7.272724,6.201637,5.788299,5.970759,3.67649,3.105919,3.892487
GSM1045226,7.323375,6.476986,7.234855,7.39131,4.642266,6.799283,8.295683,3.09792,6.881516,6.762965,4.73126,8.298132,5.764687,7.352392,6.450118,6.158528,7.19129,6.758051,6.337109,6.57424,5.283624,3.009621,5.234052
GSM1045227,6.080445,4.090048,6.4377,7.003024,6.270791,4.594162,7.084223,2.670798,5.887011,6.761389,6.889206,7.18199,4.156876,6.143035,5.038455,5.25625,7.88393,6.728489,5.408966,6.675115,5.014374,2.915829,4.489214
GSM1045228,7.556963,4.382629,6.364894,7.597519,4.825422,6.418851,9.529381,3.13356,7.287048,6.8648,5.493306,9.831983,5.869478,7.020995,6.609246,6.577777,7.162968,7.271636,5.693467,6.54355,4.898476,2.9459,6.912729
GSM1045229,7.637487,4.631001,6.872798,7.557285,5.953804,7.831117,9.833908,2.729386,7.423347,7.002815,5.975849,7.189464,5.050115,6.18294,5.681126,5.056413,7.773575,6.287786,6.787195,7.281573,4.123309,2.844049,4.738693
GSM1045230,9.074152,5.649716,7.202353,6.965648,6.608301,8.909328,8.570625,2.456037,8.301785,7.331988,6.032267,6.960422,5.067632,6.11297,6.928273,5.815696,7.792836,6.043539,5.96087,6.537166,5.004154,2.918382,7.338038
GSM1045231,7.729953,4.51849,7.494998,7.523351,5.945349,7.528848,11.246488,2.60188,8.598246,7.088904,6.183564,7.726482,5.561302,8.260517,5.034322,4.834494,7.56766,8.192469,6.220565,7.744889,4.907779,3.030998,6.091473
GSM1045232,7.396084,5.675784,8.176911,7.1107,5.499969,6.582994,10.905601,2.805635,4.847497,6.724362,6.138787,7.092239,5.015013,5.508385,6.778089,6.194373,8.128111,7.542113,6.468169,6.194899,4.730436,2.939742,7.097924
GSM1045233,6.334595,4.779381,6.006544,8.05008,5.466325,7.565252,8.592396,3.122057,7.97177,7.111135,5.078959,8.078998,5.255372,6.202964,5.895258,5.264859,6.80392,6.638635,6.012945,6.293117,5.66038,2.791413,4.533675
GSM1045234,7.802419,5.422781,4.577004,7.71601,5.569773,8.255157,10.186424,3.17273,5.213435,7.145948,6.570867,6.087143,4.919398,6.544787,5.797408,6.556076,7.957793,5.890799,6.294216,6.268533,5.475083,2.673725,5.635436
GSM1045235,7.31537,5.095582,8.004403,7.839593,6.941434,9.189757,9.68963,2.40677,5.434291,7.007853,5.842066,7.638382,4.635102,5.685948,6.011315,5.980776,8.163036,7.298376,6.117734,7.034219,5.61662,2.980389,5.763556
GSM1045236,7.497458,4.944253,7.375812,7.440166,5.23243,7.885547,9.06074,2.863798,6.14049,6.933374,4.429215,8.039731,5.995925,6.743619,5.85322,5.347167,6.537097,7.253868,7.026989,7.207501,4.814975,3.655873,5.552687
GSM1045237,7.163302,4.797854,7.409083,7.900382,6.311063,7.692851,11.38514,2.903086,5.888817,7.099458,5.571696,6.892555,4.607654,6.624783,5.207232,5.5815,6.676582,6.174153,6.713447,6.70799,4.294395,2.836588,5.533916
GSM1045238,6.444679,4.190095,7.128635,7.621315,9.28157,10.206141,10.525779,2.927005,4.235791,6.623169,6.333514,8.484018,5.187861,5.806415,5.98767,5.563001,7.662056,7.308918,6.929995,6.245078,5.528641,2.647284,4.911025
GSM1045239,7.564636,4.821912,6.975018,7.693459,6.293662,6.885257,8.650256,3.145578,6.403572,7.181875,6.145556,7.223646,4.946201,5.7907,6.163598,7.762778,7.56452,7.758835,6.459823,6.904322,4.379541,3.310058,5.425933
GSM1045240,7.151658,5.354896,5.998432,6.951745,4.86612,8.107994,5.982145,3.062297,6.147866,6.278653,5.088594,5.837064,5.702785,6.485868,7.047354,6.213716,6.838337,5.95098,6.433912,6.471382,4.916296,3.056345,5.039155
GSM1045241,7.144695,4.437534,6.274697,7.929381,6.945472,5.939843,5.306919,3.052573,5.943748,6.74715,5.903045,8.56872,5.847382,5.662868,6.496959,5.84362,7.214466,6.853965,6.449298,6.762805,5.339722,3.111726,5.145648
GSM1045242,5.462107,4.147836,6.159448,7.93573,5.512304,7.534172,7.202804,2.819769,6.295734,6.151742,6.038504,7.525743,5.421215,4.790923,5.650789,4.387539,6.661461,7.49229,6.251165,5.264724,4.748066,2.75761,5.916303
GSM1045243,6.71926,4.525106,6.165837,7.410005,4.493823,4.981012,7.37279,4.110108,5.158028,5.912457,5.302743,6.349804,5.628112,5.922709,5.588747,7.149245,6.10703,6.713775,6.31683,6.869511,5.051179,3.396456,4.991078
GSM1045244,6.552992,4.882567,5.80939,7.448672,4.454343,7.956648,7.21523,3.38536,5.78711,6.268692,5.479222,10.155354,5.655127,7.500257,6.895834,4.96399,6.954096,6.270339,6.231935,6.507777,4.885831,2.802215,4.378623
GSM1045245,7.255305,4.681498,6.01457,7.226902,4.443199,10.473181,8.524043,2.983519,5.525954,7.655739,5.271856,5.57942,5.338802,5.70948,5.410965,6.048699,7.622776,6.12965,6.133484,6.339556,5.241882,2.768512,5.278188
GSM1045246,7.503761,4.821943,5.92059,8.293184,6.335815,8.338171,8.605204,2.914229,7.470946,6.764977,5.587763,8.76624,6.037162,7.441444,6.359957,5.989518,8.346514,7.298367,6.577379,5.710806,5.1535,3.095957,5.048619
GSM1045247,7.536169,5.082865,5.058472,6.622246,6.48707,6.639713,4.800694,2.949049,4.810706,6.709508,5.597534,8.367545,6.135849,7.989867,6.326562,6.20635,7.779429,6.364657,5.302192,6.752198,4.375708,2.951652,6.193687
GSM1045248,6.806069,5.003034,3.302451,5.966316,7.12916,7.000376,9.692874,2.607208,9.32252,7.174324,8.338914,5.544014,4.910566,8.32199,5.068706,4.482052,8.736884,5.854693,7.320175,6.232007,3.569738,3.04094,5.162223
GSM1045249,7.261656,5.06384,5.674251,6.934058,5.099129,7.504183,7.423145,3.142265,5.690151,6.751488,5.249369,7.948836,6.381114,7.656975,6.150125,5.655054,7.660675,6.257779,5.706393,6.355361,4.658689,2.546696,6.035264
GSM1045250,5.36557,4.17367,5.174034,8.24997,6.040435,4.910513,11.103249,2.90255,5.014864,5.984697,6.752501,5.265721,4.638599,7.705255,5.937554,4.534021,7.260777,6.144985,7.045663,5.588508,4.01111,3.736476,5.373069
GSM1045251,7.996457,6.383432,6.700114,7.019094,4.148361,8.190815,6.787677,3.1305,7.28107,6.698169,4.5086,8.788337,5.602072,7.25939,6.827696,6.769404,7.569149,6.447392,5.455449,7.170745,5.097319,2.827964,6.576801
GSM1045252,8.7751,5.213448,7.334852,6.482319,5.63685,5.877453,4.697928,3.058396,7.725352,8.999077,5.583023,7.864856,4.535824,5.863295,4.887064,6.958325,7.765328,8.704809,7.53168,7.962716,3.623153,4.229251,5.177477
GSM1045253,7.129696,4.879735,7.989206,7.262418,6.471206,7.631226,10.845255,3.473423,9.753999,7.274655,5.735386,8.904701,5.166604,7.853853,7.303964,5.002504,7.582604,6.943033,6.51353,7.555675,5.79985,2.810094,5.141746
GSM1045254,6.621122,4.389068,7.746007,7.448412,6.746611,9.178282,8.957042,2.897051,5.621973,7.504591,5.901827,9.35983,5.941383,6.731676,6.335401,5.20225,7.139537,6.589061,5.658517,6.073331,4.725678,2.830638,5.503786
GSM1045255,6.724016,4.397604,5.996136,7.188012,5.541485,7.616388,6.028978,3.488965,4.927639,6.24704,5.693932,8.208725,4.513605,5.825821,5.958577,5.727693,7.171964,6.829306,4.866241,6.176226,5.574076,3.079061,5.240803
GSM1045256,7.884222,5.009713,6.438748,7.166966,6.349444,8.059936,5.285224,3.892969,5.711907,7.034315,6.090631,8.259384,4.777866,5.853732,6.259428,7.610233,8.118742,7.751608,5.708013,6.227856,6.017457,3.380331,5.6474
GSM1045257,7.374598,4.215018,5.837758,8.005628,6.530688,3.918029,10.603145,3.058897,7.149053,6.864115,6.019517,8.750016,6.698338,5.479632,6.052783,4.483179,7.423284,6.008404,5.213791,5.761737,5.542,2.810527,5.140058
GSM1045258,7.457558,4.670902,7.158369,7.688389,6.68946,7.126115,8.555951,3.588404,7.234402,6.770596,5.674392,7.535453,5.023162,7.113347,5.993103,6.759921,7.84968,7.437646,6.458747,7.232553,5.753573,3.181291,4.803395
GSM1045259,6.883902,4.299345,7.217366,7.002139,5.369745,7.180016,9.795756,3.154521,6.251217,6.550133,6.136246,6.518605,6.712684,6.808993,6.583176,5.324766,7.251155,6.269217,6.84851,5.87246,5.000751,3.406006,5.518067
GSM1045260,6.431185,4.330146,7.9555,6.696819,6.35569,6.779314,7.143064,3.542309,7.093051,7.084459,5.714906,7.718178,5.894506,7.1856,5.460892,6.14092,7.755474,7.135937,6.307992,6.768507,5.051353,2.889561,5.395265
GSM1045261,8.178861,4.870447,4.203247,7.6551,8.234731,6.538342,8.879053,2.518464,5.4444,6.393016,8.240336,5.726495,3.875616,4.408304,6.35633,5.751462,8.236725,7.153319,6.706049,5.558778,3.803117,2.774959,5.86511
GSM1045262,8.815002,6.022373,5.199115,7.110636,6.49706,8.688329,9.644587,2.845392,4.719142,6.976394,5.418409,9.453555,6.729881,7.165341,5.977184,5.369138,8.17396,6.388184,6.642203,7.518457,4.389972,2.817274,6.125099
GSM1045263,7.260453,4.181592,6.124337,8.094968,5.484902,8.666692,11.317726,2.965965,7.049818,6.128612,5.651654,8.29546,5.161706,8.159329,5.209556,5.728652,7.801038,6.95219,6.843518,6.975709,5.638892,2.806764,5.27913
GSM1045264,6.872953,4.831831,4.603946,7.873618,7.296408,6.920277,12.380299,2.516033,8.783706,6.727462,7.095662,6.780086,5.004893,6.568797,5.475725,4.924993,7.941901,6.25152,7.740681,7.839525,4.103812,2.822303,5.259341
GSM1045265,8.323219,4.56948,7.271013,7.42659,5.26981,6.448594,10.279513,3.159515,6.844611,7.344592,4.877647,8.74219,5.955904,6.854475,6.754496,8.702936,7.577481,7.371359,6.685656,7.326735,5.67651,3.813186,4.406106
GSM1045266,8.570183,6.422549,9.068152,6.442271,5.376439,4.67081,4.650827,2.934449,7.871731,6.161008,5.271481,7.452724,4.402759,5.10344,4.789401,5.919952,7.341667,7.793338,5.401509,7.32324,3.341616,3.55815,5.482606
GSM1045267,8.329593,5.389193,6.923507,7.439459,4.008498,8.833406,8.685818,3.615099,7.192097,6.324541,4.187938,7.33092,5.493728,7.132971,6.65419,8.953127,7.273681,7.419667,5.501437,7.09762,4.776114,3.958108,5.670883
GSM1045268,7.692895,4.499897,7.240954,7.022642,6.931154,7.820748,6.947865,2.739517,6.82835,7.308472,6.317372,9.818149,6.128527,5.789403,6.005706,5.732051,7.883923,6.936551,6.335357,6.528894,6.186204,2.78153,5.325623
GSM1045269,8.266592,4.964985,7.782889,7.558437,5.120741,6.482685,6.775912,2.879291,8.475726,6.767916,5.735209,7.551991,4.513064,7.128414,5.012887,6.902599,7.958206,7.856889,6.231753,7.63385,4.370238,3.331926,5.292152
GSM1045270,7.230485,4.081698,8.27659,7.301992,8.206017,7.76778,11.030512,2.782924,6.744854,6.73961,7.595008,6.211077,6.339929,7.282859,5.768478,4.615625,7.87138,6.870921,8.800204,6.441715,4.659989,2.976298,4.682705
GSM1045271,7.584723,4.666956,7.228428,7.260905,6.246113,6.700378,7.552639,2.887107,7.104299,7.117154,6.185245,7.228494,4.671951,7.123035,6.260658,5.878233,7.256974,7.042866,5.636653,7.095061,5.93252,2.997716,5.926669
GSM1045272,7.888418,5.12444,6.481738,7.346691,6.079533,9.725869,6.844944,2.713336,7.050314,7.162733,5.795732,8.84626,6.154656,8.104082,6.790572,5.425945,8.327938,7.719026,5.394629,7.172304,5.093693,2.68955,6.765776
GSM1045273,7.060149,4.284323,6.919848,6.783728,7.5096,5.830788,6.833679,2.885119,5.98326,6.848023,5.790792,8.46104,4.342834,8.615005,4.895052,5.19747,7.814371,6.439627,7.301624,6.049357,5.195657,2.67299,6.540617
GSM1045274,7.596884,3.853579,7.546521,7.015877,5.841775,4.983217,4.647632,2.645874,5.473883,5.637257,7.336835,7.354767,5.137436,5.251029,6.537953,6.30159,8.494232,5.983059,4.849573,6.024536,5.421,2.774443,4.649312
GSM1045275,7.197876,4.877496,5.246623,7.417076,6.854443,6.249469,8.023533,2.379746,7.43973,6.242984,5.62891,5.795987,4.42358,7.326725,5.423053,5.619434,7.802268,6.09472,6.297644,7.487841,4.236794,2.750901,5.826543
GSM1045276,6.018635,4.382582,5.046449,8.504611,6.492336,3.884615,9.033385,2.999468,5.225533,6.564862,6.276755,7.654126,6.217037,7.713762,5.248253,4.8803,7.578041,6.672298,6.663681,5.314171,5.12399,2.922194,4.827646
GSM1045277,7.397243,4.700546,6.3607,7.665679,6.626361,8.474884,7.420578,2.858625,6.454874,7.167209,5.412953,8.65138,4.210002,6.744998,6.557764,5.554326,8.510788,6.673374,5.923056,7.201439,6.275503,2.869732,4.892702
GSM1045278,6.972908,4.931832,5.207606,7.898101,5.109897,8.109185,9.195312,2.913367,5.371166,6.43307,5.392264,8.086543,5.867833,6.620187,5.047373,8.516705,7.19635,7.443306,6.820173,7.012909,4.965887,3.675235,4.911472
GSM1045279,7.520867,6.080517,5.83295,8.09602,4.588062,8.677282,4.849286,4.692816,7.604143,6.546872,4.555163,9.640358,5.640354,6.34756,6.384627,9.151367,7.436136,8.106753,7.756001,7.337173,4.865239,4.59023,4.781157
GSM1045280,7.83182,5.232,5.999321,7.450183,4.445772,6.261172,5.704442,3.066866,5.918923,6.489934,4.537885,7.995016,5.103513,5.5335,6.197136,5.864678,6.587525,6.598767,6.148855,7.420137,4.605832,3.243868,5.061414
GSM1045281,7.829505,4.033496,7.378365,7.2486,5.855847,6.058369,4.251197,2.820501,8.420407,7.095372,6.676316,9.170876,6.04559,6.494469,6.867362,5.834721,7.05243,6.9433,5.36822,6.454915,4.673588,2.486867,6.032802
GSM1045282,5.799433,4.192057,3.605511,7.631678,6.361713,5.266796,10.36756,3.127693,3.771751,5.394426,6.020789,5.444197,5.26524,5.238024,7.131022,3.821401,5.633351,5.479074,5.858253,5.652285,3.77324,4.96307,4.878988
GSM1045283,7.195374,4.881752,7.965603,7.146738,4.687355,5.503329,9.274315,2.737594,5.975632,6.278369,5.217016,6.785462,4.973748,6.79962,5.872655,6.05961,7.319109,6.872722,5.838161,7.035119,4.856219,2.835722,6.037521
GSM1045284,7.066678,5.522812,6.3841,6.635065,6.617307,7.953271,8.535951,2.857071,5.035357,7.028438,6.716077,9.328869,6.291581,5.009753,5.834074,6.172921,7.665596,6.445763,6.229018,5.581937,4.723734,2.77302,6.500206
GSM1045285,7.145361,4.869425,5.11037,6.767324,5.360912,3.725915,11.183018,3.025749,4.991628,5.734676,6.109566,6.73329,5.759132,6.343519,5.735685,5.188878,7.157094,6.196645,6.614104,6.318081,3.990257,5.058946,5.177185
GSM1045286,7.757977,5.467411,8.237112,7.722009,4.657043,9.165031,9.104079,3.13822,7.817392,6.340893,4.752758,7.374093,6.239911,8.183768,6.706355,7.422454,7.523344,7.10494,5.652861,6.830017,4.582287,3.102957,6.522915
GSM1045287,7.49577,4.052295,4.726597,7.486786,5.678474,6.392837,5.511803,2.548207,4.084453,6.428339,5.100838,5.470543,5.027239,5.234184,6.327261,6.034012,8.029277,5.859049,6.181997,6.197035,3.897514,7.140255,4.167372
GSM1045288,5.900544,4.728989,5.470008,7.431663,4.322613,7.524725,5.307978,3.552704,5.674511,5.344444,5.268751,6.701643,5.569377,6.744504,5.407056,4.871144,6.913174,6.29701,5.291155,5.95779,4.847983,2.971151,4.635722
GSM1045289,7.54094,5.019718,7.044501,7.673608,4.905728,7.020101,5.057439,2.710764,5.739777,6.498139,4.52271,7.621095,5.063862,6.081298,6.183122,6.837977,7.508034,6.07716,6.722169,7.465425,5.086559,3.985663,4.828249
GSM1045290,7.340134,5.276349,6.694731,7.341442,4.272932,8.739226,8.134405,2.784164,7.606145,7.499853,4.975951,6.79272,5.548302,7.598879,5.621444,7.078737,7.3172,7.358988,5.900252,7.064672,4.506158,2.884969,6.026053
GSM1045291,6.453979,3.926173,7.321569,7.029726,6.920618,8.973295,12.201478,3.906027,8.552446,7.595616,5.872061,5.829564,5.96781,6.171482,9.755983,6.395687,7.596128,6.487847,6.318697,6.245772,7.206323,3.06079,5.06925
GSM1045292,7.496314,4.543936,6.641412,7.36959,4.969828,7.265226,8.319638,2.794589,5.671785,7.138131,5.585851,7.540088,6.233567,6.466135,6.190495,6.437605,7.595741,6.7717,6.562852,6.621598,5.061132,2.822074,5.736615
GSM1045293,6.621843,4.512713,7.577609,7.991025,5.942605,5.732272,8.846424,2.829022,6.212036,6.300495,6.598756,6.016533,5.952673,6.107276,5.911492,5.110539,6.730733,6.499178,6.397535,5.660763,4.047908,4.211774,4.681221
GSM1045294,6.740452,4.76481,5.846509,8.073401,4.581945,5.46721,5.190067,2.706987,4.542559,5.793202,4.661805,5.462419,5.386589,4.319582,7.13384,6.148166,7.95423,7.049203,5.544062,6.26388,4.565152,3.018818,5.029328
GSM1045295,8.080057,5.009703,6.326728,7.829779,4.992007,8.717708,9.589124,4.211619,5.786027,6.608123,4.832827,7.720508,6.085107,7.129027,7.193559,8.524626,7.383098,7.921204,6.152641,6.988659,4.793567,3.832478,5.914069
GSM1045296,7.220885,5.651109,4.861991,7.781284,7.54135,5.275037,8.702717,2.690897,6.579999,6.313854,5.616591,5.822908,5.154854,5.009409,6.034782,6.041771,7.613652,6.302529,5.343754,6.420591,4.543431,3.068566,5.165334
GSM1045297,6.273588,4.677834,6.419839,5.840828,6.48145,7.254018,4.699805,2.784893,6.887429,6.633777,5.977553,6.172806,6.301542,7.309852,6.339702,5.153242,7.916104,6.764124,5.51056,6.382098,3.9916,2.853575,7.636252
GSM1045298,8.152263,5.778621,7.619389,7.58714,5.595805,8.258346,4.535392,2.798755,8.820871,7.452248,6.233961,7.753754,4.57953,8.402006,4.898991,5.255969,8.004047,7.811414,6.441894,8.104087,4.725564,4.980342,5.454845
GSM1045299,6.906072,5.434982,7.487047,7.307948,5.301543,8.550444,8.909294,3.048092,6.90665,6.550633,5.209654,8.443563,6.577599,7.761405,6.723856,4.963107,7.327549,6.319653,6.422353,6.44529,5.468927,2.824622,5.090153
GSM1045300,7.405,3.687226,6.561564,7.613321,5.630146,7.148593,8.842499,3.071375,7.792274,6.169206,5.923269,5.406787,5.587337,7.419455,6.622832,5.270392,7.32913,6.560578,5.898613,6.617559,5.149086,2.896317,6.503219
GSM1045301,6.103451,5.355589,6.947997,6.67528,3.995283,7.945667,6.485909,3.634601,6.139384,5.896292,4.914115,6.598642,5.445763,6.771001,6.264846,6.644394,6.970328,6.364055,6.105952,6.613576,5.126974,3.03283,6.642146
GSM1045302,4.783598,3.766815,3.436055,7.685606,4.628403,4.527717,7.730658,3.015358,6.186119,5.072203,6.087132,5.854824,4.968077,6.178214,5.009614,4.099082,6.003064,5.407235,6.273948,5.682018,4.839731,2.974567,4.813534
GSM1045303,7.062879,5.228135,6.241289,8.029263,6.686465,6.412186,6.285497,2.892083,7.720021,6.324297,5.951981,7.542257,5.04428,5.967808,6.917238,7.08786,7.100034,6.467603,5.671336,6.53452,5.900917,3.033631,5.015549
GSM1045304,7.150907,5.05121,8.335121,7.620586,6.952777,8.706147,6.035035,2.888519,7.524671,7.358674,5.304641,9.674283,5.763307,6.513816,6.908344,6.047739,7.45387,6.854272,6.582274,6.675908,5.073065,2.958071,4.827364
GSM1045305,6.531402,4.361465,6.593723,7.627017,6.661898,7.287337,5.256042,3.363327,6.590891,6.32148,5.842879,9.489606,5.19597,8.383634,6.050697,4.441309,7.708973,6.540638,6.398592,5.943554,4.547619,2.992013,5.939379
GSM1045306,6.395151,4.897295,6.814447,7.800828,5.408661,4.497709,10.257752,2.807869,5.738961,7.04628,5.965195,6.133744,4.658448,6.081849,5.489076,5.769099,6.52899,6.81705,5.257169,6.620836,5.146905,2.83781,6.108605
GSM1045307,7.864831,5.314436,7.249819,8.136642,5.353391,8.772277,7.812534,2.843399,5.113089,6.839905,4.854839,8.668618,5.264395,6.837264,6.263077,6.901059,7.568942,6.668711,6.993945,7.137046,5.191133,3.254834,4.857707
GSM1045308,8.431886,5.696387,5.722825,8.053191,4.538992,9.144221,9.702065,2.795955,5.890511,6.388202,4.609647,9.294325,5.862466,7.46476,7.257194,6.424942,7.123962,6.026902,6.225482,7.16247,5.590796,3.122296,6.259888
GSM1045309,7.617776,4.093304,6.844991,7.571158,4.286536,8.775248,6.898026,2.997891,7.052636,6.250751,5.256475,8.158611,5.642183,8.028844,6.385612,6.746364,7.657855,6.478711,5.513348,6.858691,4.590059,2.779924,4.569291
GSM1045310,8.212214,4.948035,5.083508,7.607175,5.416381,8.821654,11.323079,2.875505,5.365579,7.337148,5.217577,9.537414,6.370096,6.667033,7.190502,5.865461,8.576726,6.441624,7.949956,6.958527,5.355569,2.734282,6.736649
GSM1045311,8.01074,6.579429,6.879163,7.864166,5.775663,6.998595,9.374094,2.815343,5.509765,6.931733,5.261946,7.577172,5.84713,7.145095,6.954893,7.11188,7.627725,6.959338,6.939522,6.774805,5.468985,3.393152,5.913755
